{"cameraMode":{"drawMode":0,"name":"Shaded","section":"Shading Mode"},"sceneLighting":true,"audioPlay":false,"sceneViewState":{"m_AlwaysRefresh":false,"showFog":true,"showSkybox":true,"showFlares":true,"showImageEffects":true,"showParticleSystems":true,"showVisualEffectGraphs":true,"m_FxEnabled":true},"in2DMode":false,"pivot":{"x":47.451560974121097,"y":13.654922485351563,"z":-17.207176208496095},"rotation":{"x":0.20998792350292207,"y":-0.5304109454154968,"z":0.13825123012065888,"w":0.8097755908966065},"size":4.1628241539001469,"orthographic":false}